{
  "total_documents": 1000,
  "total_chars_before": 40192715,
  "total_chars_after": 38331027,
  "avg_reduction_percent": 4.631904065201864,
  "processing_time": 788.3508100509644
}